"","PC1","PC2","PC3","PC4","PC5","PC6","PC7","PC8","PC9","PC10","PC11","PC12","PC13","PC14","PC15","PC16","PC17","PC18","PC19","PC20","PC21","PC22","PC23","PC24","PC25","PC26","PC27","PC28","PC29","PC30","PC31","PC32","PC33","PC34","PC35","PC36","PC37","PC38","PC39","PC40","PC41","PC42","PC43","PC44","PC45","PC46","PC47","PC48","PC49","PC50","PC51","PC52","PC53","PC54","PC55","PC56","PC57"
"control",-26.4957056021537,0.388818139930512,-7.10491863308092,6.50860842354879,-24.036547375206,4.26867231613897,-10.955926695022,-6.38824749702099,6.39229326224926,-1.63453843746931,2.19430769890833,-1.61321545357263,5.78065071608996,-3.39321646999115,1.76328926384172,-3.06220087585319,4.85692137135149,-0.234737786450813,5.43142479771437,-1.52358958056246,-1.9668740222102,0.0794735334859752,2.20049913871293,-2.039273571436,-2.52566645175474,-2.71410222353982,-4.16717005384038,4.29636027139212,0.947099092985403,5.46311349281785,2.78489118259679,0.538310474218317,-2.4487374619459,-3.01291427811283,-2.5934060361876,-3.47848410095668,-2.51720517456506,-0.39447894596943,-10.021647174063,5.76106547299805,0.95260833590295,1.61048662102061,0.364214678991309,1.3464135985711,1.65765078728909,1.71581733843428,0.467743748842809,0.459463243344439,1.10910673135946,-1.79624912043353,-0.819939593435737,-7.06992934863546,-0.288436758268473,6.50388272614888,-0.390105895637271,1.2910290523498,6.41101755016749e-14
"control.1",-25.6360919512704,-0.195466782657108,-12.3051533932791,4.20756881779392,-24.9400736061274,1.1782344729965,-9.59416860614161,-7.64646071427972,7.35908329005197,-4.18544738567771,1.64845998335096,-2.68169239113456,4.76356750898543,-3.30457001546922,-1.8389122917022,-3.71940281665848,3.33087904624392,0.475610503325657,4.35169456785792,1.04535195322473,-2.18746634211858,-4.39714232542203,1.84879887266959,1.67147733308027,0.236698736871149,-1.77265655498669,-0.644592434358039,-1.50069483131459,-2.49804435225499,3.04776773787826,1.6473665027942,1.77966834188836,0.505465937721844,1.94420041332963,-0.694834660941158,-1.96964783130099,-3.30213235867218,6.11986071968573,-1.9430298852787,1.58209602146356,0.128161744115833,2.72759762363888,-2.00155491423,0.0909455730634529,-5.30647116119454,-2.20305879117812,3.40852956183365,1.22970571306277,-5.68389319815688,0.32351711545951,-3.02387814892563,10.3159287772425,0.75496463368099,-5.24639165241607,0.446019086919275,1.28360558301465,3.54715172165565e-14
"DNA.damage",5.39515017809992,46.1157855514919,23.0126643875928,-48.8897949585926,-8.69236885114645,5.23441584716655,6.08792374550942,4.97928524468685,13.1019670628328,11.5100410564273,10.6949380859011,-3.47289279845481,-17.2190371151236,9.23782580774095,-1.78750926935801,3.48423153836285,9.61313022723553,-16.4776221028086,-0.483032057429177,-0.209018264161207,4.53656500984923,-3.17594114806936,-2.90605704235423,-0.874261379134584,-3.97375806054599,-1.91767283024314,-0.565419574416182,-1.48970145990026,0.230036273575317,0.37234865123529,3.09611955159234,-2.43264890144257,0.0215641047122518,2.43476945039119,-0.843289535080469,0.111108827143215,-1.12298151771605,0.376470168773594,0.0281824521300213,0.554543805150677,0.00669390170985841,0.24352214209168,0.963648997626236,-1.92619107711022,0.408630872624677,-1.52085633168865,0.246697548650323,0.164984085597582,-0.168959442888635,0.794636346123122,-0.44284839802078,0.192006717152281,-0.713184262852311,0.736968141265978,0.318123494240978,-0.818703808862226,-8.81712237943422e-14
"cell.wall.synthesis.inhibitor",-27.1885795102542,2.46272956315931,-14.0950756330941,4.65418486928371,-25.968652266594,-0.386679095772739,-10.4185557565875,-8.22115821491736,6.49796100133828,-8.13532038450029,-0.779091781349103,0.78218514628789,6.30004571627625,-4.17987528778238,-2.72084405227805,-5.4441091831774,2.42718576556552,-4.09175501385133,7.33684340625525,2.51104716519904,-4.75536744350167,-7.06635408387382,-1.65382975770179,1.63973126357366,-0.838692166248951,2.24467999703008,0.00557776362211075,-3.95330375463742,3.28091381878731,1.07560747760184,0.922506033493389,1.72753316170651,0.489313384862575,4.04646261492187,0.996231768925691,-0.741784394457877,6.61833453930469,-2.44269872029008,8.09840353360485,-1.8823780258567,1.86154792525341,3.00289406441473,2.70747226686512,-3.81504234270564,4.09801843430124,3.9306781355374,-3.04814885730318,0.762629848038499,3.48038292391336,2.61537262420591,3.63443882695402,-2.13281421828815,-2.64207036734976,-2.19484558700828,-0.688851536822439,0.0515164299060506,5.39737796557277e-14
"Protein.synthesis",68.861607568389,15.5126168067442,-1.48299545871102,7.87027982051217,1.33546650591361,8.87208097972783,-14.5163507180953,-1.92851875420495,7.29184649706678,0.833857328056346,4.07122646321065,12.6166365506915,-3.30058154661851,13.6526164817368,-10.3256538379682,-0.985961718562162,-2.20380463985769,-0.309015125950543,0.607048622196251,1.78429511492887,-2.01645836134052,-2.95125137716696,5.69599868649536,3.40101224306986,4.27677546181361,1.27110208309694,2.99119076271561,-1.6884123917915,-1.5813412350488,1.13250005210613,-0.445477715848253,1.1009306491862,-5.23377987913455,-0.239660351690275,3.32587176629881,4.04650143931483,-1.47140657998276,2.72831085794525,-2.6085593816403,-0.112756434984924,2.4690371661128,0.542396680756631,-4.11925326803022,3.45765794068549,-1.69651293741465,1.8039294370958,-7.30161723609466,0.716184640412832,4.29137969672251,1.22470410282442,-1.25984016108428,-1.63724267795981,5.77660056478183,-1.54292694251102,0.324824592608178,-0.379445195173889,-1.08339986287787e-14
"DNA.replication.inhibitor",-15.5386005454595,99.4463898102269,38.6941684035705,48.5262463027623,5.92811400369323,2.42722205386669,16.2856332352229,-6.37974505070147,9.09441181533541,1.42250596771769,-3.18384970756204,-5.82346429884224,-7.30501634586121,1.90291921508832,-2.58561449305045,-14.0719276864534,1.7036491172638,6.2950929719863,-3.3724407925249,-9.10129084764384,6.88945417475164,-6.35631528765173,2.23012248625258,-1.57644801135712,-1.7313706710167,2.53025663559854,-3.94801990356812,-0.0289926274124075,-2.62981571626162,-1.76365354703792,-1.57643747824413,0.914962131160538,2.7232961584387,-0.1120746062433,0.0313613218983211,-0.0567790330175216,0.920651651407626,0.853428054425007,1.06317244720644,0.140433691017748,-0.599431978391888,-0.0977388781391354,0.277598809877396,-0.232617385345345,-0.0983643079637179,0.366918563314873,0.282949390981806,0.566379356031055,-0.0543533789552986,0.644263954752567,0.00569637934285835,-0.848271210081209,0.165079449061272,0.475006852001564,-0.0544966877158119,0.490112066134507,-1.63638091792151e-13
"Protein.synthesis.1",48.3518633776146,26.9315468424851,-65.0792072355223,-13.2498214295257,-7.14380625676753,-18.211641602742,20.9698216723701,-12.6110300512011,-15.8995925827304,3.45308814476728,6.70206584441309,-6.60000676111468,-6.85036521440557,3.99182716428461,-11.3527625787349,3.92496936821465,-3.93504846161739,9.30792899407151,-0.601781606278966,3.84724618352237,-0.45482797289644,-4.12046106433751,1.11097556607189,-1.43720896127074,2.11343685083987,-5.07040622132077,-2.73076110220306,1.30712031828036,0.826685002222877,0.764395884280307,0.216816845961539,-2.18176535484329,1.95591129494355,-0.547999998125862,-3.52931288896831,-0.0206578109051665,3.7808736744355,-0.983301379409257,-2.09116552815013,2.5653495682963,-2.02294434076264,-0.783092102985376,1.37131151717797,-0.902882129629556,-1.74027452392332,-0.781928790673013,-3.82997753906333,-0.0317836602327642,-2.99720627491348,2.75555521880899,1.11317548943105,-1.10425385369466,-3.07252765108881,-0.83114056100265,-0.799400379199024,0.643132707318532,-1.72472713194649e-14
"Protein.synthesis.2",61.6201909591375,17.1284083347566,-24.5682940059448,1.93663749475241,4.41408366184596,3.83733739499575,-2.44425379839058,-3.87481302099756,6.33652001982923,1.86831150071154,-8.55060452273599,1.50526399285355,-19.2682600511137,-13.4545514860521,-6.76638200957369,6.13817769433368,-1.87397115211776,1.93121468861226,0.655462378901278,0.125415753127589,-7.53772912756641,-2.71984002378705,3.11162181604858,-2.71959004739654,-1.01198714972713,-0.00844474280556667,0.289391573481567,-2.46260635748761,-0.283366743581425,-0.0754092251354261,-1.30101849116906,1.30005145523575,-1.24811622364686,-4.57970875982411,2.59296785571111,-0.0724867599185553,-4.09075513650948,0.656579608403163,2.13168957669504,-1.81117383078264,3.35376657317044,0.648987850452967,-2.93643731684176,-1.13595353255927,4.21647454112421,3.3031653583232,7.32050483396103,-1.17298611493245,0.710346563007624,-4.87490813555182,1.97285308831645,1.82043491431752,-2.17081764981544,2.34918617756428,-0.35828935048716,-0.597513862237983,-4.45648292574097e-14
"DNA.replication.inhibitor.1",-13.0073562759214,-12.6999723734496,24.2229617895271,2.1015376469367,-17.6462529881348,-19.8496528815527,-10.1061540154058,-14.6302480203891,-0.297296003321571,5.0649953603838,1.71992420321575,6.24590315860284,-0.187861752442321,-1.84985731417293,3.11898444169381,3.44239658941255,1.37578681859837,2.16745903863525,-0.409972460799055,-6.91623617414835,1.63505381909505,-3.98318236838238,-1.44458544298185,-5.40661890664998,6.33347961539946,-2.48535343251801,8.8351971934345,-9.33258791580393,3.90535688998878,-4.26224985124723,-0.73369529038199,2.22700914920533,-4.59941342602301,-2.55830487952236,-1.83055244820646,1.28528380350028,3.66662981972085,-0.377081184852967,-3.58452155159766,-1.98165193700868,-3.86357618875721,-5.32360973195661,3.08308522756385,-0.655321820267559,-0.620584942324493,-3.26394512545826,1.9322822039805,0.945246568832912,0.694537968399024,-1.6298657190148,-0.311428422725581,0.222339649804304,0.864783087417129,1.42592436382255,0.735629731996853,-0.716169797547595,1.719978326431e-14
"cell.wall.synthesis.inhibitor.1",-30.6854700931103,-1.81560027343412,-15.2372152273485,3.03125309064103,-20.4664796890988,-1.05150340747911,-6.42120041462299,-6.13262956760074,5.3082772154943,-6.34402428219804,1.41414242729961,0.315466167420633,0.802992824750425,-3.63323483222548,-1.85153448483863,0.787606786404482,-1.27222488907749,-1.82199465838888,-0.257099981362523,1.85404390831181,0.425623208259938,2.41061073871251,-0.366434572660129,-4.13363162492725,-1.397226967675,-0.606045454172285,-4.04622042741633,0.231103181755446,-5.04330533046519,-0.236467784370564,2.05951489410664,1.87722655030364,4.72786763435382,1.78423668831406,1.41348116391017,8.71684354049962,-3.13252383594522,-6.217238024366,3.47333489743103,-2.9188294497024,-5.73275324461024,-4.94313204999103,-6.64859433813865,1.95483510975435,0.665588095110791,-4.54088662100431,-0.622111423102967,-7.03336459510662,0.283170323876706,0.612913761628661,-2.71535747002043,-1.37025194441592,1.39672160525006,1.53287656503891,-1.75527543076682,1.05416020584583,6.34180208347601e-14
"Membrane.perturbation",-47.5384304705217,18.8037835020068,-25.0301434357154,-4.95383736363804,15.6986429930842,-12.8478368129213,-15.4521420779165,-6.97229576854188,7.66845218979642,12.6440667246154,-6.2574831038363,-10.7276889527438,5.20983455239298,3.47539315041917,-7.14401369722582,5.37656697561731,0.30224574636305,1.4709877088406,2.51325919208071,-3.79741429091943,-1.89609669994912,3.01942394821883,3.7796897662939,-1.39222543917532,-2.35116158370982,10.1268319641864,7.48863202534696,6.02511472340359,-0.950731036833483,-7.30591161292625,5.35011003396965,-2.28081920958037,-0.614439315867507,2.73660959752055,1.06256422471716,2.24462422563865,-0.55560809719826,-0.989075775551329,-0.00763663704014263,4.00630473477047,2.94670371110911,0.317968371750143,3.36293142213484,0.0822407852653753,0.544996094726669,-1.01810243549755,1.72198444779407,-0.951356685321842,0.287794788641169,1.6161611308704,-1.26097994814654,0.125814884303869,-0.448206047561596,-0.662756782626032,-0.236497248466656,2.53252784958267,4.85505732839009e-15
"cell.wall.synthesis.inhibitor.2",-25.5408567382976,-7.46818678700429,-8.14957235898524,4.20840979386534,-17.8534864631792,2.15999348220356,-4.63993544469562,-5.21706227744486,4.7141967909872,-7.27473085323332,-0.523438635555273,1.44546663965684,-0.196196293013056,-4.11434379806762,-1.95600904361178,-1.43217047963932,-4.26616875193279,-6.45371001759128,-6.59791303478297,5.59633805112811,3.25570178220325,2.18838568257602,0.307390493649743,2.49820142564128,2.01583343756413,-1.78258691359021,-5.76927647681643,2.77494610671083,4.93305474098052,-12.4537244585525,-5.34302925949518,-6.25462849245878,3.00750187155999,-6.14976421958911,0.194418794275938,1.69242432717678,-2.698340177323,0.0108352076955183,-1.97981726814111,1.49485288167423,0.567649531187573,0.303948026392932,3.00891667742518,-1.63849997015811,1.71070499360201,1.5763210027428,0.206138606567028,4.11429129986717,1.67576484058743,1.58103041325892,0.319813332064171,2.42136427740878,3.88555566691495,-0.311533429709205,-2.04028217450247,-0.230423371278873,4.24679144931869e-14
"Membrane.perturbation.1",-37.7402648449496,3.03246459953287,-19.6454489095614,3.43058239432494,-1.12690941726433,-5.41913813291422,-10.4491314652237,-4.1025675637001,8.29108524704054,3.03841767250348,-2.54022611881092,-7.05918216883763,1.59578462743059,-2.10434832170501,-1.9685890429206,-1.89180903078064,2.31280824690383,2.76622401741381,-5.4751196774349,4.58437424161559,5.47998186906447,2.16181152910063,-1.06756804726131,0.595647028335134,2.096710075545,-0.284840534939402,-0.0576482414079742,1.42292555624851,1.38505225871963,0.0465772576900101,2.04079973326418,-3.05889232337545,-0.37863893652557,1.19873312229131,2.02543934980411,-2.29529875222913,2.80811541126453,-1.62271606754777,0.214567097355894,-0.166224457953437,1.30197961016426,1.64593375488306,-4.71575237318687,2.29652875823345,-3.1734864025447,-0.371091592069276,0.598184376431892,-0.449731263202028,0.270580783522229,-3.89416077847482,0.166012977307916,-1.95446423345587,-1.76489164337127,-1.45414079616031,4.87733386240284,-10.6797424898037,4.75380368750167e-14
"cell.wall.synthesis.inhibitor.3",-43.9194983128407,2.41498547373641,-10.072187855258,0.502256889277975,-0.776862216108686,-5.107121931741,-8.20364266723755,-4.04371095601901,5.08349080480092,-5.16778375413057,4.73372087479184,6.46081545051618,-12.0931060703019,4.91988947026811,7.86885255684357,-1.16114491689816,-6.66741071358695,5.29505644088507,2.05410888528454,-3.76940372003964,-4.52583494243315,4.22580672418599,-2.6767266889403,2.10679182022891,-11.4997694064677,-0.151749918024414,3.3790452117873,0.32031866964861,5.61707189196157,1.00394542656922,-5.05139307593148,-3.15577517710996,0.766010517988691,2.60144930420243,1.28366608421222,-3.54502934875417,-0.976171217414547,0.386023679470508,0.614683561601127,-0.654316209805181,3.14903442603324,-6.1944683115212,-3.33743831731139,-2.27233045122787,-7.0121424656254,1.23421832399352,-2.53074543141524,0.34296303918357,-0.644533466567115,1.76275513981366,0.766725315636436,0.386592139146368,-0.442631837873175,2.22791834344383,-2.36347118988233,-0.558608245981768,4.41273536808118e-14
"new.hit",-33.3014569549342,-12.1078305252334,-11.6584275774326,4.40583379924754,-11.5461471045415,11.7775695821834,3.08951027788227,6.69598298950244,-5.16364637147135,6.68515396285346,-10.7567466575465,-2.94793616673694,-6.11750387114688,12.631091007005,14.4786571471412,7.53839162010863,2.93368967578426,4.31920929105764,3.37628696536588,2.91047388687869,-2.85603586611505,-2.80577908864812,2.39692751077163,-1.35481068827186,1.99594134304957,1.81215560432927,-3.53937553817216,-0.414970833851872,-5.78770795182287,-6.54828616261975,-3.02756289009214,4.87029100477468,1.14036661090941,2.89614551119898,-8.92439284501127,1.22356324454574,-2.40988493305057,-0.928633341819749,-2.21126345939009,-3.67339975053289,2.89263895809126,0.546645393421826,-0.265498720561994,-1.88926713720678,-0.796956086682513,2.50346754637517,-1.79164169792135,0.854045180754828,1.59709931600974,-2.30996713429976,-0.607444980040579,-1.22567213802491,-1.30384259919817,-2.47675956822897,0.945794113918182,-0.952528853651467,2.07452327885549e-14
"DNA.replication.inhibitor.2",-16.7787659705078,-19.872903650212,14.6481847927715,1.93990941718557,-12.0111845936801,-10.6948075104461,-2.3664577626109,-4.60299079216464,0.195047578113505,2.95579311687347,2.64581124319852,-2.03277394491877,-9.22815541115529,0.134878504202082,-0.851690181968561,0.449993252144925,2.27680054844836,2.55810425984055,-2.20997853267755,5.99734818530846,7.34339623247893,7.40030412817431,1.26742879580426,1.83928677721148,1.33633608062472,-0.27087092912783,0.811722526854898,1.49135900967146,1.98431772760304,1.61664869637097,-0.836307269783254,0.206418619285189,0.920218444903974,0.0473714379208376,2.54203527989487,-3.19797060376952,1.15936407921012,-0.109542054376841,2.02452732629835,-3.79558898632022,0.407751134291868,0.525850984888484,-1.93417365164304,1.24992056380105,-1.03989311956778,1.21380024399194,0.30217587316331,1.50526228528828,0.807225256510805,-4.55135093308468,1.52032393490345,-2.67056490137252,-0.0807277375810103,-2.87931300526788,6.38802771228144,9.18417269625129,3.09886664939807e-14
"cell.wall.synthesis.inhibitor.4",-38.3791083555691,0.378883403287538,-10.3086055443321,-0.683922204027853,11.3874865847121,-7.17631349153804,-10.0321959980698,-7.67213670294688,8.72953138648626,-2.10686108085319,8.46813873011682,4.92804007538269,-4.67907409798237,0.897795613851976,8.84456956487072,0.989509415953635,-7.24846441804886,1.35022472341698,-5.13768819698404,3.17161270695446,3.4772060793169,3.17434688177191,-1.55291143713144,-4.1524766379293,-0.745152306759051,4.80391617964304,-1.3806666069542,-1.1253620852176,-7.21639626686151,6.31839202338958,-0.140657387217501,-3.02106119113112,-6.71176857864237,-0.48284454176528,-4.51177254231198,3.41976940562068,2.62313897616655,2.07891369745198,1.35518287353597,2.54710809716439,-3.01209787188115,0.964789132064165,-0.668835214659305,-0.258994962764244,7.3993763677302,3.49404646071403,-0.32242902221309,4.08924056426358,-4.92186852932277,0.751237564800903,2.51297914091869,1.27021167202463,1.53702576593322,-0.975070888013514,-0.919618255148531,-0.254756663743482,-8.45721062625593e-15
"DNA.replication.inhibitor.3",-5.63723460540309,-20.9009984461772,35.3903092657961,1.69548175190424,-8.4554128818171,-17.0563456448914,-4.25321563181929,-16.4132271983612,-4.53885432157564,6.62746833650421,-2.78190537420033,7.69829835995187,-1.26715226666952,-0.394855215479846,1.28191203461291,6.17174946695967,-5.97466530037106,-1.98383661118451,-6.47373617407267,-4.91599327303962,-1.21103843254156,0.586045291115138,-4.65834426251917,2.64111238407514,3.42300849866802,-1.84861139919848,0.0856910591758151,3.32090100476658,-1.80070296256876,1.15532486272938,2.59049455279437,1.680778587429,6.45087475894053,-0.905176121565463,-2.5818333093929,-3.21621176624276,-3.69104362177671,8.8060860780638,4.65839437273248,0.226363851274927,2.06628271958188,3.78852142366387,2.01395491049609,3.55043448645505,1.6630271410698,2.1399567113131,-3.80608955571527,-5.51044466403473,0.800954916950719,1.57070477452314,-1.73002787322566,-0.518214750430902,-2.20701830539958,1.87241734880666,-0.440184087314013,-1.15264681825899,1.84027089628145e-14
"Folic.Acid.synthesis.inhibitor",1.1229213720449,-8.22015800320213,-1.54939199631695,3.39862591902678,-12.3005154034477,-14.9940882245641,-7.37505207600937,12.6808404862138,0.792865932949616,-7.68933085367062,-2.95467030196346,-3.47748578180996,-9.75083721014468,4.7158003613261,-2.54889299636084,-2.87150934724362,-7.21160630476775,-4.41966441993126,0.564320386881117,-7.66230640551118,-2.22111616520606,6.87172341223653,2.37033210593312,8.01850905015608,3.82692512272984,-1.24387858721685,-0.777845732603976,2.3265506857051,-8.27556416649741,4.15411170892084,-3.85063688203235,0.580176152093482,-1.39104573910048,-0.242418941439791,2.69606725364724,-1.04498046293743,2.86205479539351,-5.44901967661319,-3.79293527187401,-3.86227561837445,0.804709121046586,2.31633991137171,5.84041470327683,-0.382854544833845,0.933466973047315,-5.19979907482285,1.91280181863157,0.572581319075951,1.22964893714275,0.958479134780233,-0.133847049694423,1.05890122512652,-2.90880764698418,-0.703233083887648,-0.999633921833403,-1.29390280413964,-2.01671361901856e-14
"control.2",-25.3602174174146,-12.6686552025835,-8.86614360250102,2.44371521556623,-7.87055505634384,9.8499465234038,4.77191445023496,9.52056196001852,-7.59983078429987,1.24676404740399,-2.02620016730374,3.30823426860562,5.2222047370389,-3.13333434473214,-7.23171433250181,0.596184459375594,-1.37172891658131,0.521782025789715,-4.24300226973758,3.30360310649241,7.82722677308527,-4.85554313578841,-7.21641748716657,-6.65255512382119,-4.43370017593277,0.143418017932746,8.14018242234119,-0.919879121888479,-2.96104361017759,5.96292858154121,-9.01626653063646,-0.230219806349521,2.23579467246221,0.37943791279136,-0.560652685011592,2.2877476269104,-2.44637580914908,-2.39496586748185,-2.3313111080765,1.61069728083755,7.88198652541347,1.38718289888245,4.29078072993072,1.0718129937796,-0.260775874241749,-0.401226935235235,1.16932632233197,-3.64116677038723,0.910584065960141,-0.0539166834043071,0.730725923937924,-0.382105980233749,1.99400254429263,-1.81984879773768,-0.162790404244961,0.253414313032638,2.96676881195515e-14
"control.3",-23.1466388987825,-17.2568677093666,-7.84188069657074,0.986397247742094,-8.12484148063311,9.46820225437674,6.76217205717273,11.4959127909515,-7.55454971709782,-0.84470438438061,6.00390539523209,2.9918420375504,3.09734985088371,-3.91205250785516,-5.23961170664497,5.2511768090035,4.29530184082398,3.16782989969137,0.414904610744344,-2.30909596368558,1.70550914586164,-1.2877281727559,-7.23836748335446,0.123188585910458,-0.326567218215146,3.59545124806193,-1.26789270730404,1.68710533770864,-7.09365137960533,-5.01530433526738,-3.02002618062946,1.9333841184377,-4.77333619468309,0.226195954311118,7.86429661209116,-5.9619089364234,-1.63188269532201,4.49604824715881,-0.0494768775745871,4.2010762766154,-4.29509454227212,-4.25109946495055,-2.92302324710702,-2.34368846007135,3.30544072462291,-2.01244522850646,-4.36059168673792,2.25351347140493,2.99637096980193,-0.939417854467736,-0.051705532582274,1.17381251426991,-4.7161098006615,0.263506568344429,0.46564524670118,0.0253330619928234,2.03284654734515e-14
"DNA.damage.1",7.62150433550705,59.3583105284823,17.9958667527792,-47.4336031875056,-9.76782964241232,-0.738329675112044,12.7364572282596,9.00436218746678,10.302993893956,2.17744583349217,-5.03997420331942,6.88320221364997,6.25946028227074,-3.174329080546,3.87546041080884,-4.07521740459639,-3.12102900733268,1.84068777077774,0.253287126073244,1.2860402864376,-5.08176451459831,2.70796055812996,0.932098881292197,-3.19662420936542,-1.87486460022202,2.63403988353785,3.62100843177726,5.32806645654688,0.259841488198176,-1.93011271320489,-4.38528721358855,5.48866129521206,1.18925054134185,-7.96981198565126,-1.42570097240579,-2.29854219138055,8.26009299455057,-0.377718394338648,-0.33260609175166,0.723141436549862,-2.24889220086302,2.82891574068512,-4.33667917453901,3.43133075311315,-0.269361834852197,0.109459562845998,-0.0801992334865051,-1.54511556221908,0.612697483203648,0.74714329590337,-1.34962411097441,0.946867796571256,0.56764741774413,-2.01815570037406,-0.269500258119648,0.163950386858408,-8.87640655422572e-14
"cell.wall.synthesis.inhibitor.5",-19.6571497324356,-20.3848674762697,-2.86328205925883,2.43006219129166,-8.64497983128475,12.6161617909286,5.00489553200779,10.64183600451,-5.8005459691656,3.22574598092868,8.73183051554878,-0.861151459916721,-0.583302144580384,-2.3624573550336,-3.89766723748577,2.63407724418886,2.67443919285459,6.8695223866941,-8.67233360869744,-2.57229527018688,-2.90483275526354,1.3384647149669,-1.97674253107239,1.46939461928928,-1.41248327962622,5.93010086146437,-2.12587344385764,1.97291399218608,3.06440294225252,4.45973435418291,4.98081116600926,-1.32890631437586,-3.42725204404114,-3.58753980878806,-1.93399441788348,2.87866510789273,0.984409563377688,2.46063912712863,-0.322180566752126,-5.5195774343022,-4.65746270155052,2.85008261449763,2.37407418494831,-7.50217972872457,-4.63343734739084,2.97238366715714,3.57987264940904,-2.49906376758649,5.10649332421436,2.15670142173501,-2.98651532743642,-0.386391025506116,2.42154163923823,-0.784037618763488,-0.231142572130027,-0.383311777846591,1.37385762488673e-14
"Protein.synthesis.3",66.2493389152359,11.5809257920553,1.94449550402862,15.9112632352986,0.217656585427593,12.7826453653991,-19.1613862395526,6.27202682689999,3.249664100053,4.23308417913935,4.78968922742643,13.143086446647,6.65500728574465,11.0986702680338,0.393700073418366,-7.1507328610357,7.94627703909947,0.907595792151537,-4.84175515390153,2.19803226461602,-3.14323833300524,3.68072246643249,-1.39595006966605,-0.0377314752486301,2.00573530616275,0.297278769937256,2.21496350200559,3.27507639600145,1.38669562762843,-1.57088369783988,0.773603487583891,-0.6406528225404,4.03179298511668,-1.17621836280018,-0.273399688301438,0.391906828972468,-0.661385411813363,-0.429607118156781,-2.84628721567029,-0.590822460024523,-2.06489594131182,-2.72905045295769,1.94001687436889,-3.69603534675445,1.57711135136,0.51693209628891,0.572809091549305,-5.53047252988511,-5.94393177813467,-1.62540560476682,7.00864543736914,1.0540061305666,-4.85301720013228,-1.19620611511364,-0.153389859661276,0.177370453003309,-3.08620316802344e-14
"DNA.replication.inhibitor.4",-32.0922866820329,113.014451057377,21.4163332591266,49.4207727523236,1.83697936319938,-7.68892963297006,20.225557197103,6.3423259134677,-2.85531710454882,-5.17893102392125,5.62775761591787,0.708598336805872,6.76584577446419,-0.860614862089061,1.54065072265929,14.5028094367914,-1.72906778530615,-6.49376785734634,3.65264222074758,8.23852396401212,-5.69350166630283,5.5090148685911,-2.64886487359497,1.64023420449525,1.62072875708468,-2.56493024295568,3.40674759058785,-0.617282591195565,2.12742552945395,1.49073786233314,1.92743744727161,-1.08279113280282,-2.56686052007842,0.273849080622711,-0.0647242473028276,-0.0398684441023403,-0.925857509680794,-0.777109674471188,-1.09349630002455,-0.301852827755887,0.439115246346644,0.0735225793799021,-0.0104087152474816,-0.241432529767028,0.159893912567269,-0.334081777639742,0.00518136860250717,-0.702119950487246,0.165623650166356,-0.623882251234874,-0.190289600981927,0.826379677913877,-0.0818842407588712,-0.57214200830827,0.0638161456382515,-0.319027130273286,1.21051606238876e-13
"Protein.synthesis.4",47.0386231520067,10.3926754366477,-46.4053315478299,-0.555498765695123,-6.66421308112371,-9.24396808836345,14.8961368407643,-8.70071322352475,-17.2017459981801,2.0161699240004,7.0115922985617,-1.91431651406586,4.97772262801322,4.58198906227908,6.46047214915111,-8.60965740002657,5.0169823298889,-6.54210682149008,-2.98219794019449,-1.81864159280282,-4.59619524667678,2.29245655358296,0.365663150818097,-0.321979336822993,0.699525699732512,3.43783580000162,-0.835997649855396,2.03613040174376,-0.937110341613831,0.471235360863867,-1.75245467260201,0.530441099920431,-0.564208226667494,4.59730145212917,1.2684756687288,-5.12045282920916,0.712477016456308,1.71306419206755,2.24640977244113,-1.36834368357071,1.95173333270184,-6.40349481996937,2.00757676789329,2.43716932216479,3.7372663627377,1.84894298521738,4.42194244801505,-1.34127437328709,0.919422112757215,-2.2606407587339,-2.65956378757944,0.209765829791989,7.26309129464542,0.150333700413184,0.874218926087512,-1.06535286489817,1.96956166653717e-15
"Protein.synthesis.5",59.7810205334803,4.47628463180681,-14.3445612821487,13.3926593024764,3.56114138506261,12.4018877442216,-5.88986629226507,3.88512456313704,3.9044948150597,4.49571752217285,-6.38229928486696,1.34792505450522,-7.26138949666727,-17.1186183470407,6.8732107345938,-1.29140805204406,6.02686886585262,-4.3982679430831,-2.94714139781296,1.73025876980412,-2.40806262593924,-0.439965215582626,-4.20552042158048,0.486646499510646,6.32890498094599,3.67447137966206,1.40370256956436,2.26201461544657,0.917525659792354,0.562009684514211,-4.60721117187429,-3.12266263347682,-2.29209129534602,5.22328466776537,-1.42181998821638,2.28261667976598,1.30758387162002,-1.50692445797599,1.14585839314788,1.62748322537409,-3.1480444206492,0.0238025235130533,2.52615678973863,5.64857629336763,-6.02599918175414,1.53904606560345,-1.52130765043116,2.13084029907523,-1.90386033795653,3.5278034964837,-4.39996642579708,-1.33631355651548,-3.78115366170898,2.03363663003251,0.0480021986439208,1.63993727194891,-2.0230128336407e-14
"DNA.replication.inhibitor.5",-2.39542227036027,-30.7012017895442,36.488594686879,3.43239318396375,-2.54394867956145,-5.99654003175922,4.24574319197229,1.25877522624012,-10.4025945680685,14.1500298036493,6.87134413847467,4.61830486450252,-1.82799385449019,-3.03701953111615,1.99982252402994,3.43156746574502,5.320110587823,4.70486280877282,-1.8008089239898,-4.11143588795491,-4.45267284924138,1.71837377478076,2.54935964043,-3.30754233279752,-0.415067492884719,2.58012585732598,-4.51388905759555,-1.67450811743033,5.04930451603323,2.65328639813294,1.17295302140089,1.76691533280365,3.33467195073288,-0.0569443983922902,4.77035646027617,-0.153114532792978,-3.38950333855778,-9.97521969813733,-2.18049101045735,1.83661376369675,2.61107409940839,1.19276246483288,-1.45174333440177,2.34730760925422,4.18481872099633,1.87984469848694,-2.28936941459427,3.67743686561054,-1.7068412647616,5.50721397873562,-0.611449718744237,3.71804720467562,0.451757526201554,-2.73482574587371,1.97007475099393,-1.4974128312355,1.80094654467222e-14
"cell.wall.synthesis.inhibitor.6",-16.6287865908374,-19.0076502457701,-3.21393956399253,1.6037936151468,-3.75957588616494,11.7059698185535,8.50170980251346,8.91115264596549,-5.55426233754559,0.153249444560117,3.08261426815233,3.84905507081031,-0.046165645867065,-2.85222376012993,-4.73512052210044,-0.218087768877143,-5.12410930664467,-2.37524294607418,-1.62836984836817,-1.49393154030616,2.62394962218243,-1.40968831806448,0.726059407203013,4.00760513092738,1.47249074189159,6.1113350730631,-0.414054472600317,-1.41300826513829,0.767544837198265,-0.0456439720853949,6.39706911978316,0.286207456900877,1.42795557479524,2.12749394893159,-7.63998628791797,-2.2994959143269,2.39173275185243,-3.09588071089419,-0.350360302549044,1.08615779833511,0.710246212653725,-1.73325831768211,-2.13360408037719,6.65081057653097,-2.482031876901,-1.2202780072136,-0.17281742300552,1.01699142478819,3.88423859743639,-2.63580761355119,8.04762597074746,6.20706727429499,0.601182343822114,5.25216739068284,-0.989417901903342,0.909701881005447,3.06157822618086e-14
"Membrane.perturbation.2",-46.5516129821162,4.63295255303542,-15.2583135651599,-0.0155289184236025,17.0196196034273,-2.40755303397228,-8.80953487515601,7.20104648181328,-1.71580127738928,20.4946793775274,-0.191284097537025,-3.84716881143857,8.61815732009553,-2.67068980264825,-4.08005831754206,-2.47810649584458,6.068850000489,0.250143198215333,4.78364677563815,-1.78782686103759,-2.58361957950389,-3.96776273433443,-2.34459839857784,4.52101802117772,-2.02039000769242,-7.60357617401182,2.18035767298522,1.12891151801603,-4.78050233446979,0.911612774150152,-1.31693785479124,-4.92670456643694,0.141318516812596,-7.22494689109422,-2.14444736100156,-1.80427726447912,-2.40900880200679,-2.07194794681466,3.58802852698472,-8.47634733211748,-2.68545983746532,-1.23536200813782,-0.00393047008473289,2.96792283801309,0.390474606578693,2.12743261423313,-2.76648083865293,3.41528446167108,-2.04274466804335,-0.394272614124504,0.618518549816862,0.293814238697107,2.48978242580669,1.56715588982114,-0.69829913814177,0.427685235016692,2.29202507667781e-14
"cell.wall.synthesis.inhibitor.7",-15.680967503391,-21.0129786261,-2.36402947546988,1.950541090761,-4.54228102185962,11.3810635848729,9.41180300174488,10.0870283855923,-5.80203563265132,-0.471540530897916,3.15902960905401,4.68283641408961,-0.365293080233853,-4.81028859096332,-4.92701828197762,-1.66058144098553,-4.14525010138318,-1.75532151689145,0.267227468209654,-0.444748217106968,3.4718188103826,-0.589775673433594,1.13312327160658,5.77208359957458,1.24970898075724,4.00850532226451,3.24620551174971,0.275085758236538,3.87252180097779,-1.58753828308247,3.14420938389854,3.88694844994738,1.76978448531841,-0.116435903601547,-0.979597698319595,2.41799114688352,3.10068310664275,2.06539483368943,-0.60209556400171,-4.0092774900125,5.97319447186117,-1.1650631388155,-2.90380316014934,-3.19548535884188,4.05019295189205,-2.24964684155485,-1.45616362438016,3.35247157218608,-10.0358512206229,-1.93203921292042,-6.18689035005557,-3.48957354855682,-0.602539679346123,2.86999763834168,-1.07483805359727,-0.448052012002514,3.16828540399688e-14
"Membrane.perturbation.3",-32.9670245231909,-11.9947281839095,-6.33509756557469,0.264260070794414,15.7878453681048,5.19358981922523,-1.1263960411695,8.53049966199132,-0.129781310271801,14.5824652517724,8.17423824429461,2.73055782830939,3.00433718845862,-2.44025318616669,-0.376753322414731,-3.48534515581612,-3.29256690119301,-0.879034702924972,3.18257793891666,-5.41116843985681,-3.07073053377534,3.08172286458489,-1.48234235347615,3.25571758804731,3.55131649995632,-3.14485540940403,-7.95617933853309,-9.00820140764072,1.27818226973814,-2.85705449445302,-3.55893839722257,-4.79063260594166,-3.11410457171479,-0.130610994898981,-2.6564420015953,0.542603172470855,3.40301186723555,1.0013549511553,1.21650090158606,5.99799046146355,4.21974340274657,1.40364760666013,-3.5088595928912,-0.221457400235194,0.0260145314972836,-2.21242152290657,2.58401724806279,-7.12612338312267,0.244661800027316,-0.343828062348249,-1.05985197135432,-2.47525176985,-0.539761837340681,-3.22804436921629,0.496343955075901,2.12040210877807,3.71320812639353e-14
"cell.wall.synthesis.inhibitor.8",-29.8991275254295,-10.9080461228757,-8.85907022035521,-3.40058280917977,18.6684747368427,1.0003723193063,3.18280036555212,5.36355426642258,-0.719279119213652,-1.49714824316162,8.38092726136542,8.05080372008367,-3.67401408916206,-3.68523875201862,3.33856844174996,-2.69172891747802,-6.47447459402129,0.843798645822432,1.42450391715597,1.80136336358958,-0.868320383255367,-6.92695193900753,5.86545243315828,4.35544782833901,-3.27869436187531,-0.878982271109598,5.70994047493645,-1.11670523982637,2.7233887606945,-0.932767274005666,-1.23830740238227,-2.44256439589119,6.57826537864969,6.69469192144639,0.683501734176186,-1.33000248344855,-2.30846293428485,0.153997026311328,-4.94513570659637,0.361793476692282,-9.89037451807501,4.1811918454755,1.50932140959178,1.41663465387746,4.73348191725427,0.513857542472394,0.940993798159233,-1.36792987897941,2.58461176464267,-3.38045625309914,-2.59087653691946,-1.14048212697599,-0.483351552840744,-2.32917696251796,0.788739041555994,-0.400350819354555,-1.04472501613259e-14
"new.hit.1",-32.6453637540749,-10.263709534471,-12.5046564892489,4.9884874441274,-10.2799740466338,11.0181386653842,4.45957694894042,5.65758230086904,-6.32779606746446,4.49009447425693,-17.213685129364,-1.7487434456609,-2.69071508994183,10.6974722485387,9.77180652980434,3.86773280588666,0.719520216557298,2.00471392216277,-2.59842798591452,4.12407842782782,-1.57796924318306,-5.51169437606452,3.27774271371141,2.12235010795327,-3.4177133712984,1.92645976980204,-2.77669397116361,-2.9773620738193,4.28294348295908,3.04397143419853,1.90415821822463,-2.64979388856343,-1.60205562884083,-4.78365399627132,8.41883096895864,1.88325273988045,2.18989437612955,4.02130636333841,2.47941188609994,1.42376499861262,-1.66433090689764,0.42707847241268,4.15330956756986,5.69584932735128,0.673475833382529,-6.48512547166008,0.375017106637995,-1.27381398452623,-2.44412797096284,0.0678851319345752,2.15740286710544,-1.09433321448069,0.6380348206368,1.05059656173282,-0.851341149882134,0.407645764962191,8.0176831970466e-14
"DNA.replication.inhibitor.6",-9.10554637948793,-28.6509327055589,15.712773326471,1.37749507139141,-4.1585325955015,-2.69074874333437,9.15062478261834,7.12061063902051,-8.01936551661852,4.76735788338489,1.90164138426416,4.31115723351597,-5.03537436279662,-3.91468594654581,-2.00126165419416,-4.45258409919409,2.05557877012149,0.576896369738685,10.459137407127,7.08939481080966,5.09625971943255,7.49894762936582,7.39364283254513,-0.884580480601005,2.02435545571852,1.01326188677247,3.70145025574781,-4.18527942815166,-5.25171585742647,-1.81203841170776,1.08421151440931,1.82630651412709,2.43120844462473,-1.10258652572845,1.20689359271387,-1.79704909261476,-2.25907261666183,3.65865035029594,2.18511402565821,2.09939326598357,-2.22023937307241,-0.755143590911641,1.2473215465842,-0.173039963608189,-3.59269381625475,2.70623673992367,4.76006155978228,-0.0245763700424788,-1.12362446755916,7.15858456661939,3.36986145683905,-4.06595198104495,1.2528089947242,1.11544947945043,-1.80460584306877,-2.71697900788307,4.5585361657316e-14
"cell.wall.synthesis.inhibitor.9",-35.1149172295092,-8.74911425614899,-11.7719851328509,-1.44681295294109,21.0150727572199,-2.18106997780111,1.19141680207975,4.78425432461091,0.161409181105497,-0.240934657343349,12.1194202478199,10.4563001512218,-0.322406056721195,-3.79771400624591,6.73022928165336,-4.11842950474177,-3.49332919265304,-0.869927936907977,0.505567693563804,0.929210207695893,0.410823532582772,-5.1300944236695,0.0699147627178209,-5.45506422883549,1.32521290888229,-8.85552657822582,-2.91944610983694,8.59384443628741,-0.226400230489702,-1.99955116441882,5.57993282314122,4.7489222304181,-1.73993955924317,1.18959733231255,4.317421154418,5.53928004764259,2.32285599974793,3.07132756718763,-0.74726035677361,-2.87168118231979,5.41882649913081,-2.31683256017724,1.96644923768745,2.11931697734192,-1.92119185171079,-0.657445439112797,3.2893584319908,2.36493613824277,3.39098318924251,1.93664487107688,1.5797686829902,0.397490805048925,-3.01851955811492,-1.11883169893267,0.678367938003832,0.576299587361044,2.16698404012505e-14
"DNA.replication.inhibitor.7",0.89742547106323,-28.9085372357353,31.6348191922222,0.845516108158282,1.11702569989608,-10.5959526973591,9.17417041994092,-2.32824560139945,-12.3094951778429,4.73481191573599,-9.32344973573456,13.4391963367086,2.66981504247551,-2.91628127570273,-4.30424703296211,-4.48028463493045,-2.76912271529867,-6.26412809124446,0.905419591557324,1.19535501900398,-1.67721385107376,0.146531389491455,7.91034848253648,-6.32645695640099,-4.63606415985726,-1.25154145446527,-3.24459795508434,3.22113757620375,-1.78586170622122,-1.17818165610083,-0.373005076952066,-2.42760388876752,-6.44495085821981,2.53753979391331,0.293140365823576,0.485654113094419,0.155930670020221,-2.63345835175219,3.45245052630873,1.58671253042802,-1.48368243452518,2.91354295141846,3.1290087124685,-5.06469931062116,-4.76423104879733,-0.0247347139863229,-4.70008261139615,-1.48451078177657,-2.56105346112606,-6.48823772556181,-0.819875327238591,1.97112969911731,0.497370358444678,2.11711142798225,1.05278678416395,-0.587676457001027,1.54190354061112e-14
"Folic.Acid.synthesis.inhibitor.1",36.368244990994,-8.31322477142344,5.98735494379923,7.86791007930542,-3.09531068526208,-24.9893252726949,-11.8249011655142,32.6031975605753,-4.76815043088653,-6.75325944497605,-0.600736210997005,-12.3369143907084,0.423950465288785,0.175732973162825,2.30550099712196,-5.92260847052736,1.98576988119973,0.113330120641333,-7.71715160634473,0.5448314556143,-6.43683645006449,-0.791283492940604,1.95701214041627,-4.71994569900795,-0.356670895858614,-3.06762423782207,3.96583973752972,-2.01438257885863,0.246210194694911,0.732607149670204,1.91737685966508,-1.35523696026282,3.88835556441217,-0.147284197226954,-3.51386412974237,1.68229149034992,-1.97892927246756,3.18335956079564,3.94818280325386,4.98131400476891,0.981066155281465,0.554362574253031,-3.70097881768211,-2.62222173295282,0.663799398601152,-4.04492144892087,-1.343171132702,5.08009207085355,2.69652308896564,-0.541317110317593,0.0338636176208006,-1.55992157600189,0.550230409386046,0.674778304999488,0.219187505690671,0.650223007304344,-5.6779938823609e-14
"control.4",14.5123250398995,-26.3567378045937,7.02404656293597,0.979688379599908,1.20916750569329,15.9880106810626,6.72599759738024,-1.737192759828,5.77242564057769,-4.2845638278833,3.24178891298211,-10.9721656839637,6.92581225269089,1.46703206943397,1.02820068998429,5.36705630732994,0.0457368907168723,-0.360658768422778,4.27052811891921,-4.40082865853128,1.61840604823438,1.90048677179611,8.02964508797794,-9.1445408631586,4.66808580915812,-0.529726918672103,0.931386416101699,2.99592962497996,3.04764284476481,1.75366479701196,-5.90969301711333,-7.76505806004834,0.589775472802993,3.59884692958846,0.252396252647974,-1.46714303691187,1.92500644090214,4.87224590145748,-0.657386160612294,-6.8968999619383,0.755073019206709,2.40172866965754,-3.51512901632522,-0.913469359687944,3.08023686448608,-2.71464841752271,-1.39761394682754,-1.63328049045035,0.56052242207538,3.61032275308201,1.87593381896475,2.38041540944297,-0.774140547486602,3.67658052458199,1.05010277474929,-0.0343086251860441,-4.51043282584385e-14
"control.5",15.8808183343403,-27.6799445055364,11.5906425594462,-0.115772841449354,0.500523837173716,16.8586459948542,4.935852996718,-2.89050319063418,7.05047179642758,-2.98266878581952,8.07981111508465,-10.4415604680575,6.25536028348412,3.10578671414397,2.09880296488799,9.20525262101892,-4.02157806755676,-3.63781027789232,2.82312008171527,-6.87125991803448,-0.514554734505111,-0.832885726157565,3.63525059480089,1.29094715235748,2.47902449166846,-0.980837605905325,0.96664577762336,0.792292260648774,-2.48870201303026,3.95255236098374,-1.53048660476933,-0.0945480127461957,7.61530011611293,-4.18150822998642,3.12424473847041,4.60100052775063,3.59983303985114,-0.730978296619039,3.20783971954044,6.35143695975016,-1.15677937599943,-5.05384387110981,2.40191683078191,-1.14476281438112,-4.07644872670958,6.2078097217827,0.325319042711102,2.67243258255401,-0.572874835930018,-5.36039906326258,-0.421838194701291,-0.437563682093261,-0.238216002158594,-1.38263994956198,0.964028488699592,-0.644488423836784,1.26309553094561e-16
"DNA.damage.2",19.2817979443862,58.1098122951102,14.809415055626,-50.1665237943516,-9.05958892952073,-4.12847338379156,11.0569019196294,5.881172910312,12.6759611101842,-1.29521403464557,-7.50766586319911,2.96197286692606,13.6204919273342,-6.33218417084061,3.76069266201872,-1.26078338128791,-4.03115207758477,11.5969538228325,-1.66345827110894,-0.751600052218032,1.39066650773099,1.36583622508586,0.630237430825296,4.66687896903348,4.85021992478963,-0.709098487559621,-2.39330929191701,-3.35855763317312,-0.524473121881902,1.58734112215938,1.81099994829758,-3.65928079630755,-1.36430062056038,6.01920651036229,2.33860811576473,2.44748784526351,-7.27525264578601,0.102593483410784,0.329999912810195,-1.44632115365122,2.33003502796869,-2.96901556799701,3.28327995383417,-1.58241530563475,0.0904040875953049,1.11582950480577,-0.355158139033451,1.3074642004624,-0.125715554514278,-1.33423277986493,1.82561378636756,-1.03959519272189,0.0748477890071842,1.13518627084047,0.123768235245682,0.327886376574427,-1.09152487395847e-13
"cell.wall.synthesis.inhibitor.10",13.9313720870691,-26.7714679161604,10.1272129459453,1.31657406329277,0.657026761213281,14.4603888248182,3.15441418378529,-2.72534195658342,6.83342338155746,-5.02902101018713,5.97756888368413,-14.108081481519,3.83903040249492,0.143985082089323,0.755175250683359,4.01991596601594,0.120587700266625,2.91993861796368,-12.1480677018391,0.0939254338262232,-2.28982255980914,0.378688595350233,2.31561614577697,3.64894928173352,-4.95461769998416,-9.2965532785635,3.67540633602294,-2.42225833396553,-3.14742079350412,-6.34928317516323,0.404150400995304,6.38232840072351,-5.29535755464095,4.64829997274148,1.97645432214899,-2.4131316639036,2.05208180540089,-3.13528499119995,0.924969569336775,0.926020770093326,-0.230402795115075,4.19816714989759,0.217974129247141,1.28565674843955,-0.269131901169701,2.87665116438245,0.665061231655565,-2.33380428005533,-3.6235916467479,2.53744089791207,1.56582766323028,-0.484182585361537,2.3258403251877,3.08442068254129,-0.4991430940145,0.926302113788733,-3.24829681382088e-15
"Protein.synthesis.6",75.4595282336225,19.2674749906035,-8.04204261427826,8.74718915816447,1.64300364815634,8.32242471250983,-16.4943922337968,0.176308581904359,2.62430179370945,4.42384600438603,0.997631572934393,13.9595142632086,10.1025474175563,11.5747232450462,-2.28411626190361,7.03693441807958,-4.05076678547467,4.98874412445161,2.47739131267546,1.35510338456675,6.86738098961327,2.30689116684845,-1.35676065786519,-1.81628772151476,-4.58266643108846,-2.23925762520307,-3.99675893927514,-1.38408110797756,0.811442220044419,-0.179397117439287,-0.436849062909988,1.03333088904513,1.90250854970666,1.58856897657487,-2.13539448227835,-3.90623861227256,1.23822976043431,-2.49394068330875,5.79620412567209,0.331185434603068,-1.19933484910559,2.57811823250524,1.43604084356562,0.361477295012536,0.10889729244269,-3.20045419124258,6.04440787190547,5.38676889058646,2.22885728119309,0.615986150309497,-5.49659327257112,0.416379314586536,-1.28124512881395,2.8666446605633,-0.16039114585685,0.0224118398318761,-3.64716937206744e-14
"DNA.replication.inhibitor.8",-28.6716803256605,75.7703654872511,34.6711546093186,-29.677484595689,13.8458795161471,22.5221041074538,-33.6968592926213,-10.2425219440669,-41.0404631520353,-13.4754134712702,1.28977832610053,-8.14130318140882,-3.11837597898208,-2.73427344657505,-1.08998467766505,-0.962615659607675,-0.739876403249057,0.715734578239637,0.407795167301045,0.578822996071513,-0.768428242399366,0.558124983193884,0.604181026797261,-0.754453941574833,1.79290238384319,0.114032150888473,-1.02269606838621,-0.567424508692988,-0.150813165056472,0.0122008308885215,-0.478200093839421,0.470475217914952,0.34798995020758,-0.0218226521950747,0.185287152500179,-0.204855203337718,0.306147658302453,-0.0212877492299481,0.176597251247497,-0.134122173703579,0.0302925664176666,0.0702542878992324,0.160339012193141,0.230439968928829,-0.531131721356492,-0.488598979172722,0.193628692443319,0.263129696763851,-0.331445780144373,-0.340397683791241,0.0448813220384575,-0.349490653970077,0.14886193124514,0.0106457183822957,0.149849814975343,-0.0814216372341051,-1.01777527378166e-13
"Protein.synthesis.7",58.4908305480776,7.09797225376416,-35.1268675898601,0.209453479252259,0.0375530869999349,-3.59461496811646,10.7510879190503,-14.8720635834782,-13.2896806591281,3.69807054745979,4.40434693112135,-6.28113225900368,7.97005892260756,0.952857017191031,12.1291884335187,-6.50904797202974,-2.76415216894782,-6.08439390600559,2.25195590101687,-4.30348861551148,6.05136798747638,2.91306965127297,-2.70787213761442,2.71342313714249,-3.47473677712577,2.54786603948495,3.97980057643904,-3.61655181145268,0.503207917790356,-1.31752966335535,0.591187120455419,1.57384320728764,-1.70760910937014,-4.77160310983487,2.51039453167103,5.47012945918852,-5.20102487744154,-0.800290667195529,-0.888409527237151,-1.09287041052572,-0.0958840799249183,7.54746386354235,-3.89447577904991,-1.5096081047972,-1.94482535007074,-0.250778331639535,-1.17851664373369,1.17841398471729,1.93236446985968,-0.435746435175563,1.75941397729784,0.750318226468097,-4.21387827811104,0.821210292558672,0.186640292448885,0.346188765173726,-3.26952007134729e-14
"Protein.synthesis.8",70.4474191470355,7.41565098909308,-15.2438246460824,8.90779833523906,8.73999115951996,9.62884940385371,-6.8363830575467,-2.94708065271968,2.82855546703106,4.07290890772444,-10.6958261975519,1.6474403557938,-3.15508383049257,-17.8446263431123,7.03719636150154,6.32509733118326,1.36699453299142,-0.387913587187751,2.73150022346143,-3.48802764014231,5.23411211660139,3.47513758795898,-0.493891173151629,1.2977453359126,-4.87656319131437,-3.16983896906723,-0.762437314361631,0.717712937777141,-1.85979370151656,0.51755894249815,5.23218258509629,0.91848418179303,3.23247987225779,0.44570884687754,-0.898548720046496,-2.48195546735845,3.88982405781772,1.27210729002107,-2.89764974990778,0.338557417509989,0.609388385448346,-1.3044395105967,1.33091312627283,-4.48755547702725,1.03846137348061,-4.90526178783587,-4.88984581654944,-0.753649438781789,1.19316717165298,0.730554656034107,2.61676712201612,-0.460384066448726,6.45158968732803,-4.59776013244864,0.13364297615831,-0.425899622172573,-2.82174457411077e-14
"DNA.replication.inhibitor.9",25.4775685982178,-34.6426509394351,40.2229921444736,-0.216795230062331,6.49544462187637,-9.17510736611017,2.64673546230123,-9.5042974620548,-0.653122222927211,3.63719743138828,1.54268533776109,-5.77029779218817,2.06286946793115,0.277671093955705,0.960114686204715,1.76191915520743,5.72357785540893,1.72800668362886,-1.13077080684695,3.42054436876644,2.57923831212026,-1.77852524691408,0.0175666969294626,0.86653932411835,1.97546631121727,0.934845998676708,-0.45162577101829,3.01934004695239,1.23481239171843,1.51887426629827,-0.564612910638315,-1.43311905797631,-1.73321890201392,2.1514879779122,0.966432723686591,-1.85637564320735,0.851108805434382,-1.1816259798421,-0.589609205864518,-1.14475384936881,1.09511835323188,0.552686019126794,-3.56072773907036,0.988175884416461,-0.794975409000767,-1.13893225126447,1.91615430234745,1.1434689449733,1.53971104095261,-4.41422235386338,0.205506439794887,-1.90727722186359,-1.01417189263867,-4.80422610502035,-12.395549565254,0.15876244631955,-2.67905950245353e-14
"cell.wall.synthesis.inhibitor.11",18.4726579499871,-25.8948001374099,9.51818138259371,-0.722322949563288,7.3219321685518,11.7736096059684,8.10800637571193,-5.71576814618417,3.92744453361383,-10.5569047612405,-7.35096891216411,-2.98608550492721,6.22554426844131,-0.00151186093505288,-4.72512674052437,-2.20097845452897,-6.35901398864819,-7.20875351728351,-5.17649331299974,-0.580536209031616,-1.26245351228383,0.174864822889712,4.42546921867436,-2.68139798750991,-5.38265943097966,0.821191258317409,-0.0705266343408604,-3.57203621439011,0.547382786090135,0.497326694421741,3.56218007299433,-1.31292155630211,-3.86009514903946,-3.79998499718306,-4.99799628213847,-4.63394159437222,-4.5217075491044,-0.429016900345048,-0.588656850585017,-2.86709708474413,-0.2792116820434,-6.93583359203156,0.981470967103684,3.33073346892361,0.281356702492403,-0.278425854864411,-0.0793921524161635,0.791526024421005,0.403350552507151,3.14243386793881,-1.73236711347821,-3.11013326142112,-5.74246166892718,-6.9316427527571,1.59181894719485,0.105527990423086,-7.19433193574481e-15
"Membrane.perturbation.4",-43.9880624768836,4.55568558119306,-20.6949754261822,-3.944457535345,24.8692393020177,-6.6825565608706,-4.46602924859877,-1.25460290727568,5.25658507688962,9.39893045362511,-10.3343420222555,-5.64826083058251,4.08435781087589,0.906170421702485,-4.0320066751508,0.42457259938544,0.874504218016727,-5.7119933037239,-3.36555525810141,2.05537148397477,3.58357303526433,1.8469879612473,3.69586300358623,3.16641838367399,2.94280219685654,-0.761833587446967,-3.05084683190378,0.675224064320547,7.69051840085964,6.13184404114097,-7.08121127465131,12.5164114499973,-1.03006893626637,1.33846617556382,-1.64203720586399,0.508439862482611,-2.72068801981281,1.58177939264869,0.33997447573499,1.84409884768382,-3.29871325138521,-3.14096483120291,-0.253461232685873,-4.00201740472891,0.525721309417265,-0.658568003480687,-0.831544919985691,-0.0763272274291052,1.45924674287894,1.54431396474443,1.3354359049009,1.7349667405573,-0.302039776639966,1.62276814800181,-0.518343878554911,-0.222804953990743,1.74859855327919e-14
"cell.wall.synthesis.inhibitor.12",5.04855812620012,-26.6500871562424,4.86808055103961,-0.915748106074357,0.14156450402943,12.4565201229319,10.5174389636427,-0.236794324577229,4.69438866030199,-8.48797814931093,1.10530696318309,-4.07513672854258,-7.02469068543183,4.20299231552455,-5.5124842687505,-2.97536347833314,-1.75872175294168,3.97492364846429,8.83593794639566,-5.79162061381976,-3.43326995967807,4.49466915905861,-9.54096557948933,-2.59791394596697,2.07442519205924,-1.48716151913559,0.735179498284168,5.39645529225434,6.33448341792789,-1.45421754622303,-0.29877647658305,3.16647801646216,-3.40110369827475,1.24678775556431,-3.06530676085282,2.1071861666607,-5.64593265703028,0.035139667732243,4.43522111564669,1.37612219042522,-3.50332880820888,3.33227402821169,2.64878443658796,3.26685903824763,0.984994695638636,-3.54870871612714,0.238869872730553,1.88456243599438,-2.57861694126691,-2.30884391914935,3.14088260694852,-2.44479208446055,3.85250186766758,-3.24697604657962,0.861390475270609,-1.60723032292405,3.71027264901153e-14
"Membrane.perturbation.5",-19.8473646728542,-13.9128284963437,-10.7775799395442,-4.57455580872502,19.8991592723668,-0.143263664126886,5.21102138087681,-2.28692660639299,5.25307800426777,-1.79137217467845,-11.4762725175701,-1.30917001407739,1.75093461519889,5.35678373827109,-6.68245164062941,-3.20361785908602,-1.39749709690164,-3.37524458063629,-1.35491602123122,1.0463985103328,-5.84308744347726,6.44182489355419,-9.00381998733539,-8.00518534018693,0.762508018676191,0.777835978080933,-3.86152917020142,-8.64817111716941,-1.84194889099134,-0.603393350902077,2.96011212929994,1.18897282725757,6.34141896136675,2.62135575440536,4.7648550090332,-0.85025835562008,3.19257369112083,2.58124361877283,-6.41601878723223,-3.52506482168106,-1.12867623026003,2.76836034580568,0.806517732679358,0.573558116190286,-2.43540567016098,2.91494480281266,-1.24260087015034,3.36725788060772,-0.536659651684664,-1.71888260902698,-0.46852542271839,-0.252209922591244,0.851229144750954,1.62839425263326,-1.52808522856362,1.09016213890845,1.04803318801139e-14
"cell.wall.synthesis.inhibitor.13",-27.8653396077153,-4.85325829077309,-25.1133749115788,-10.1914900362555,20.7697902270307,-14.5705730500623,9.15484728583817,-0.548157492338774,-0.0657676328057097,-30.1962107704215,-3.31845298038395,15.9996475663216,0.753191561079694,1.33738208860134,-1.25744261373738,6.61234248530803,20.1373774220335,1.25399480636371,-1.23169551100906,-6.61379893930034,3.04071617015486,1.39065939805224,3.45663898344012,2.81069950828872,-0.894206874395323,-0.227369056991988,-0.479447458730849,-1.68607917421122,-0.263902720316635,-0.51992071154831,-1.01928366239691,-1.0236637356659,0.8685071180736,-2.25192646802363,-2.14245683014784,1.82778470128997,0.535327815893994,-0.15691117796347,1.25222836020496,0.610062462044488,1.47522320378624,2.36609843299727,-0.143734088908767,1.97233494741365,-0.579697247081567,0.721369169873549,-0.0198081302386053,-0.593403298260001,-0.543218047950936,-0.000979193452294893,-0.267448231126777,-0.187764418302072,-0.315684383350765,0.0911037184916608,0.091859924434967,0.208695523140717,1.25334313240411e-14
"new.hit.2",-14.8955397881061,-16.8054446239054,-2.23718154369555,0.69879441925074,0.384329551983844,9.2133850847606,7.54044161926067,2.18016580242367,-6.61747798681795,-3.599307442231,-22.8155594048155,2.12500728296129,-5.03036267724166,9.39245083032586,2.6248157714357,-5.02651352580323,-1.86918766535516,0.0286957653581113,2.16464344809498,-1.18365000235146,4.5228014180342,-0.822616354455879,-4.44542715098119,0.847826218222382,6.05778051741272,-7.11854544242411,5.72081756356563,3.18514218076912,1.23687281237599,1.78940809510352,5.77654214508838,-4.14028458385227,-1.9925042125678,0.120523215719344,0.86593689698781,-1.46629122376483,1.13560222278819,-3.99265280525356,0.128739244904001,4.020814301463,-0.962977598272082,-1.58123840624307,-5.03660241770257,-3.70302882993076,3.13505316190029,5.25695588938512,1.9159504400738,-1.77559339152708,1.47269303340015,2.67218239210056,-3.29577868045797,3.32983614683055,0.341997484858588,0.250980669413242,-0.283735663904844,1.24191071322066,4.7473201585102e-14
"DNA.replication.inhibitor.10",35.1014189578905,-36.3317732594185,35.786606607807,0.189024795240608,9.18581015779639,-0.937799148072441,4.18069621252224,-6.2019578122947,3.52263094919298,-2.05915962286377,2.41056282362387,-11.0249849549961,-2.69638854744131,-0.439238228918875,-1.21126381818027,-7.00023467905852,5.79998593461996,7.64518682367825,6.32785112901135,9.0679362875247,-0.424458060400671,5.40512981006844,-2.08854819903717,4.05975458261123,-5.77952823229246,-1.05899927051738,-0.0157751168749199,-1.7529120297931,0.128598518684727,-0.0775467905434571,-0.29126812590109,-0.0694927503271112,-0.707095511942865,-1.52774695617614,-2.63600146618479,5.68430715622666,3.03246159724139,2.40052288414897,-1.21174698356209,0.671978421584765,1.91957579843844,-3.34327686730005,4.39957840731539,1.94274392535856,4.26549311377774,-0.281436576694813,-2.62476895843369,-2.38737398418935,3.84612707855122,-1.24813593579705,-4.30495511408891,5.5853408266184,-2.37149231905804,2.71321813966806,1.23810652591977,-1.16342915970589,2.81903406867956e-15
"cell.wall.synthesis.inhibitor.14",-0.123166617776353,-19.1853074288879,-2.42009268846531,-4.86285631521071,26.0971586930014,0.765280650615292,2.10272877160686,-5.71187559022219,14.051013344312,-9.62427913562031,10.8823679958655,-2.95350603021754,-2.69691118427688,1.30731285460528,7.30703614152646,-2.53035060338196,-2.08832264237366,1.67678705288383,1.21872726842723,7.05510016398981,-1.14064695969491,-6.44573847536382,-1.78583315893055,-1.72730826667656,7.73625045384905,5.02173474671724,0.269043880153891,-0.895043719235323,-1.84707208123538,0.43199276872766,2.00384775632987,0.957110415458278,1.19726790236699,-6.14177347029836,1.18082342330362,-7.80302256083371,-3.40038007064519,-5.59151403463778,2.17240838523789,0.449656334756941,2.299079485943,1.07364459429553,2.57707797362229,-4.24448812515922,-2.47377292143971,-4.76197866590663,-2.35536358047991,-3.02744783843288,-0.359064270408706,0.332969378729851,-2.02173167749573,0.232376028296717,2.09934336006372,2.70466791046938,0.698809644526037,0.831257297863079,7.7435480987445e-15
"DNA.replication.inhibitor.11",33.8250632307221,-35.2932719198985,44.6829904041644,-2.469841135454,10.1201335732321,-13.3149579899794,5.0768016481833,-13.3383726300595,-2.98247803234723,-2.12470035337632,-7.5686598290192,1.64380375875218,5.58821349143414,1.68522168401631,-2.2351918449839,3.24069722391502,-0.962341199804206,-2.58445149183697,1.32493607157514,2.90264356105082,-5.4250365182275,-8.47986671909437,-5.9996457653351,6.72351764231486,-2.92075172306868,3.33648332730411,-2.26647997219594,3.57057700284319,-3.22232481514481,-0.0785625390983638,-3.33039079201851,-2.08043052276238,1.03614810997864,1.66751992528033,-0.985350322786976,2.98610679934716,1.60387083250756,0.263937098061067,-3.295775581294,0.197585796315543,-0.733334527125452,-0.944708294018119,-4.87015735225282,-2.82820495404251,-1.02949096003775,-2.70430536072701,5.89472147790623,1.95210774184673,-1.04263716741067,3.64934401386031,3.51574788361345,-2.83866553607233,1.90726637604292,1.53536243755791,4.71644054423696,0.108374168361836,-7.01834423910697e-14
"Folic.Acid.synthesis.inhibitor.2",54.7863861582311,-1.80977044404588,6.12101869731608,2.10604526825978,1.57101321419576,-27.2878311827206,-15.7767083143266,26.8056502795309,-1.65694186620731,-9.07091929805986,0.0948181367827251,-10.0002433428925,1.66647502851703,0.642217657317136,1.17501909318428,4.36358483853427,-5.09490684189276,-1.54588851729904,6.94715751157971,-1.61487803830291,8.15872903446105,-5.89811094491492,-3.05264646416826,-1.54204186896741,-2.15985916615085,3.40826203798459,-5.70207296704079,0.176697304922412,3.82917640817527,-2.47699125208176,0.583837731177654,1.48358136114486,-2.6260927320781,-0.562876598875274,1.47466122740153,-1.23731437066297,0.113613967686701,0.358901049118288,-2.10174703070924,-2.42814901236099,-1.43141294523064,-0.706103508066917,0.493397887658633,2.8180580072202,-0.741234527175995,6.88407793849977,-0.375127831088193,-5.29496154625704,-3.43956953010313,0.288707419722605,-0.223003074852905,0.932454560556652,1.21117152129896,-0.317471235559759,0.167286183890709,-0.0175114790487719,-5.91115698056477e-14
